{"cameraMode":{"drawMode":0,"name":"Shaded","section":"Shading Mode"},"sceneLighting":false,"audioPlay":false,"sceneViewState":{"showFog":true,"showMaterialUpdate":false,"showSkybox":false,"showFlares":true,"showImageEffects":true,"showParticleSystems":true},"in2DMode":false,"pivot":{"x":0.5779781341552734,"y":1.477985143661499,"z":0.35277360677719118},"rotation":{"x":0.03808443993330002,"y":-0.029378391802310945,"z":0.001120770932175219,"w":0.9988473057746887},"size":8.99774169921875,"orthographic":false}