{"cameraMode":{"drawMode":0,"name":"Shaded","section":"Shading Mode"},"sceneLighting":false,"audioPlay":false,"sceneViewState":{"showFog":true,"showMaterialUpdate":false,"showSkybox":false,"showFlares":true,"showImageEffects":true,"showParticleSystems":true},"in2DMode":false,"pivot":{"x":0.04438789561390877,"y":0.05785541236400604,"z":-0.3867645859718323},"rotation":{"x":0.0019252760102972389,"y":0.9980676770210266,"z":-0.046153537929058078,"w":0.04164411500096321},"size":0.4446979761123657,"orthographic":false}